,event,chromosome,start,stop,strand,Location,Contrast,EqPvalues,t-statistics,gene,,
376,INT12900,III,6354957,6355055,+,chrIII:6354957-6355055,eat2eve_N2eav,7.62772E-07,0.395989433,WBGene00016977,perfect,
394,INT18454,II,6940835,6942711,+,chrII:6940835-6942711,eat2eve_N2eav,1.31431E-05,1.430531999,WBGene00017699,perfect,
438,INT34434,IV,3533795,3533840,+,chrIV:3533795-3533840,eat2eve_N2eav,2.70939E-05,0.309618814,WBGene00019777,nice,but no reads in the middle only on ends
330,INT56814,V,10214580,10214673,+,chrV:10214580-10214673,eat2eve_N2eav,3.9644E-05,0.595450237,WBGene00014113,nice,but no reads in the middle only on ends
88,INT6125,IV,8063279,8063614,+,chrIV:8063279-8063614,eat2eve_N2eav,4.2976E-05,-0.059642032,WBGene00004732,looks nice,
71,INT42891,III,11343661,11343934,+,chrIII:11343661-11343934,eat2eve_N2eav,6.51947E-05,-0.057483082,WBGene00003975,looks nice,
475,INT47103,III,1844524,1846346,+,chrIII:1844524-1846346,eat2eve_N2eav,0.000257294,-1.173243594,WBGene00021440,nice,
80,INT24576,X,13346449,13346675,+,chrX:13346449-13346675,eat2eve_N2eav,0.000449974,0.341963693,WBGene00004238,,
41,INT5628,X,17600854,17601225,+,chrX:17600854-17601225,eat2eve_N2eav,0.000450086,-1.120096836,WBGene00002272,,
449,INT38192,IV,16864094,16864737,+,chrIV:16864094-16864737,eat2eve_N2eav,0.000532541,0.050487892,WBGene00020287,,
188,INT18685,I,13181878,13182341,+,chrI:13181878-13182341,eat2eve_N2eav,0.000538371,-0.670600181,WBGene00009065,,
171,INT15023,IV,12425369,12426890,+,chrIV:12425369-12426890,eat2eve_N2eav,0.000562789,2.122006608,WBGene00008583,,
250,INT36771,II,9944464,9944994,+,chrII:9944464-9944994,eat2eve_N2eav,0.000571594,-0.692402151,WBGene00011271,,
409,INT24418,V,6525137,6527474,+,chrV:6525137-6527474,eat2eve_N2eav,0.000582079,0.034458562,WBGene00018488,,
349,INT4183,III,649541,653253,+,chrIII:649541-653253,eat2eve_N2eav,0.000751499,1.767687318,WBGene00015648,,
266,INT39572,IV,10861858,10862274,+,chrIV:10861858-10862274,eat2eve_N2eav,0.000835822,-1.187336042,WBGene00011722,,
163,INT13517,III,10479076,10479288,+,chrIII:10479076-10479288,eat2eve_N2eav,0.000845206,0.039104358,WBGene00008426,,
393,INT18452,II,6933137,6934084,+,chrII:6933137-6934084,eat2eve_N2eav,0.000942392,0.807920561,WBGene00017699,,
536,INT21643,I,11272681,11273222,+,chrI:11272681-11273222,eat2eve_N2eav,0.000988128,1.88965929,WBGene00219287,,
60,INT22353,V,8357016,8357099,+,chrV:8357016-8357099,eat2eve_N2eav,0.001026445,1.794756666,WBGene00003395,,
469,INT49538,IV,5343500,5343584,+,chrIV:5343500-5343584,eat2eve_N2eav,0.001027266,0.154540594,WBGene00021156,,
318,INT45001,I,14359282,14359906,+,chrI:14359282-14359906,eat2eve_N2eav,0.001066006,-1.179257499,WBGene00013668,,
447,INT37864,IV,6895178,6895697,+,chrIV:6895178-6895697,eat2eve_N2eav,0.00114122,-1.997530874,WBGene00020235,,
492,INT52430,I,2925365,2925419,+,chrI:2925365-2925419,eat2eve_N2eav,0.00115546,1.160586107,WBGene00022107,,
396,INT18456,II,6944556,6944725,+,chrII:6944556-6944725,eat2eve_N2eav,0.001198713,-1.808161525,WBGene00017699,,
28,INT31653,III,8085770,8085820,+,chrIII:8085770-8085820,eat2eve_N2eav,0.001207546,1.607776269,WBGene00001743,,
407,INT23639,II,7362414,7362723,+,chrII:7362414-7362723,eat2eve_N2eav,0.001308993,0.788526126,WBGene00018392,,
224,INT29665,V,14896304,14897045,+,chrV:14896304-14897045,eat2eve_N2eav,0.001311741,0.329050683,WBGene00010383,,
187,INT17927,X,14972773,14972823,+,chrX:14972773-14972823,eat2eve_N2eav,0.001374722,-0.347694932,WBGene00008974,,
377,INT12901,III,6355129,6356364,+,chrIII:6355129-6356364,eat2eve_N2eav,0.001429267,-0.527312956,WBGene00016977,,
510,INT12355,IV,9011058,9011252,+,chrIV:9011058-9011252,eat2eve_N2eav,0.001490765,-2.153727414,WBGene00044241,,
421,INT28911,I,5512852,5512902,+,chrI:5512852-5512902,eat2eve_N2eav,0.001547446,-1.795256336,WBGene00019075,,
427,INT30703,III,856773,856822,+,chrIII:856773-856822,eat2eve_N2eav,0.001643638,1.02625665,WBGene00019334,,
258,INT38078,I,9624032,9624077,+,chrI:9624032-9624077,eat2eve_N2eav,0.001939157,1.02159614,WBGene00011489,,
398,INT19316,I,6317765,6318019,+,chrI:6317765-6318019,eat2eve_N2eav,0.002047138,0.759535199,WBGene00017816,,
117,INT810,II,11495777,11495826,+,chrII:11495777-11495826,eat2eve_N2eav,0.002060565,1.415760001,WBGene00007144,,
297,INT47233,V,19091792,19091985,+,chrV:19091792-19091985,eat2eve_N2eav,0.002071082,0.705513347,WBGene00012703,,
59,INT34060,II,10840243,10840466,+,chrII:10840243-10840466,eat2eve_N2eav,0.002123029,-1.896693315,WBGene00003367,,
183,INT16387,I,7301427,7301662,-,chrI:7301427-7301662,eat2eve_N2eav,0.002128502,0.389417545,WBGene00008765,,
222,INT29038,I,10532893,10533437,+,chrI:10532893-10533437,eat2eve_N2eav,0.002133583,-0.761085443,WBGene00010328,,
211,INT26182,V,13407128,13407210,+,chrV:13407128-13407210,eat2eve_N2eav,0.002141759,0.999013861,WBGene00009980,,
29,INT31654,III,8085919,8086235,+,chrIII:8085919-8086235,eat2eve_N2eav,0.002216093,0.291072469,WBGene00001743,,
114,INT132,IV,12160833,12161554,+,chrIV:12160833-12161554,eat2eve_N2eav,0.002299092,0.401951794,WBGene00007091,,
482,INT49575,I,410627,411202,+,chrI:410627-411202,eat2eve_N2eav,0.002356675,0.446412533,WBGene00021733,,
397,INT18807,III,6498745,6498981,+,chrIII:6498745-6498981,eat2eve_N2eav,0.002424357,0.492635351,WBGene00017752,,
120,INT1621,IV,13108139,13111175,+,chrIV:13108139-13111175,eat2eve_N2eav,0.002571161,0.948846782,WBGene00007202,,
326,INT56284,III,8895830,8896037,+,chrIII:8895830-8896037,eat2eve_N2eav,0.002723956,0.997688595,WBGene00014025,,
291,INT46302,V,10478822,10479520,+,chrV:10478822-10479520,eat2eve_N2eav,0.002825269,-1.273074778,WBGene00012532,,
450,INT38985,IV,8222381,8222839,+,chrIV:8222381-8222839,eat2eve_N2eav,0.002837056,0.376645567,WBGene00020373,,
378,INT12903,III,6357239,6357522,+,chrIII:6357239-6357522,eat2eve_N2eav,0.002935174,-0.086219094,WBGene00016977,,
304,INT50005,III,10950711,10950785,+,chrIII:10950711-10950785,eat2eve_N2eav,0.002999962,0.365052828,WBGene00013132,,
277,INT41622,I,7681997,7682050,+,chrI:7681997-7682050,eat2eve_N2eav,0.003180268,1.778973019,WBGene00011972,,
75,INT17907,IV,8751312,8751362,+,chrIV:8751312-8751362,eat2eve_N2eav,0.003202977,-0.281299436,WBGene00004051,,
287,INT44569,III,11090402,11091155,+,chrIII:11090402-11091155,eat2eve_N2eav,0.003206806,-0.378406993,WBGene00012358,,
473,INT46416,I,1049687,1050404,+,chrI:1049687-1050404,eat2eve_N2eav,0.003222416,-1.296668789,WBGene00021331,,
220,INT28486,IV,11638513,11638971,+,chrIV:11638513-11638971,eat2eve_N2eav,0.003273793,0.469125146,WBGene00010233,,
474,INT47102,III,1843104,1844372,+,chrIII:1843104-1844372,eat2eve_N2eav,0.003343259,-3.314146183,WBGene00021440,,
344,INT2632,III,8509552,8513202,+,chrIII:8509552-8513202,eat2eve_N2eav,0.003344784,0.496239085,WBGene00015418,,
320,INT45005,I,14365138,14366423,+,chrI:14365138-14366423,eat2eve_N2eav,0.003374584,-0.889958485,WBGene00013668,,
67,INT26800,III,8820552,8820800,+,chrIII:8820552-8820800,eat2eve_N2eav,0.003388678,-2.011953985,WBGene00003929,,
477,INT47629,IV,1746323,1746375,+,chrIV:1746323-1746375,eat2eve_N2eav,0.003419744,0.533327692,WBGene00021506,,
381,INT13652,IV,8372628,8372893,+,chrIV:8372628-8372893,eat2eve_N2eav,0.003610753,0.987380224,WBGene00017071,,
189,INT19272,V,13460199,13461083,+,chrV:13460199-13461083,eat2eve_N2eav,0.003615344,-0.09399728,WBGene00009137,,
516,INT245,I,10726993,10727176,+,chrI:10726993-10727176,eat2eve_N2eav,0.003640591,4.114573035,WBGene00044646,,
109,INT10862,IV,9200440,9202245,+,chrIV:9200440-9202245,eat2eve_N2eav,0.003674294,-1.435148089,WBGene00006941,,
523,INT15949,X,12990355,12991053,+,chrX:12990355-12991053,eat2eve_N2eav,0.00369803,0.038748945,WBGene00045495,,
245,INT36050,III,3961603,3961655,+,chrIII:3961603-3961655,eat2eve_N2eav,0.003713877,-0.133822168,WBGene00011215,,
181,INT16058,III,13396190,13396247,+,chrIII:13396190-13396247,eat2eve_N2eav,0.003796239,-0.724456005,WBGene00008714,,
137,INT7524,IV,12704350,12704409,+,chrIV:12704350-12704409,eat2eve_N2eav,0.004202925,2.315606529,WBGene00007780,,
37,INT6728,I,10181609,10182045,+,chrI:10181609-10182045,eat2eve_N2eav,0.004228753,2.909595182,WBGene00002153,,
299,INT47973,III,13309593,13309727,+,chrIII:13309593-13309727,eat2eve_N2eav,0.00424987,0.504130982,WBGene00012804,,
110,INT10868,IV,9204901,9204950,+,chrIV:9204901-9204950,eat2eve_N2eav,0.004415456,0.403458861,WBGene00006941,,
467,INT43376,V,8310005,8310406,+,chrV:8310005-8310406,eat2eve_N2eav,0.004439729,1.693781733,WBGene00020938,,
272,INT40588,II,9479288,9479337,+,chrII:9479288-9479337,eat2eve_N2eav,0.004439966,0.026930275,WBGene00011848,,
286,INT44534,I,13656560,13657237,+,chrI:13656560-13657237,eat2eve_N2eav,0.004465354,0.187262577,WBGene00012353,,
342,INT1837,II,4303066,4303707,+,chrII:4303066-4303707,eat2eve_N2eav,0.004891425,-1.746327239,WBGene00015296,,
402,INT21519,IV,8299067,8299187,+,chrIV:8299067-8299187,eat2eve_N2eav,0.005186733,0.225229383,WBGene00018072,,
95,INT18417,V,16076789,16076828,+,chrV:16076789-16076828,eat2eve_N2eav,0.005250632,-5.200376094,WBGene00005616,,
192,INT19910,II,8591431,8591485,+,chrII:8591431-8591485,eat2eve_N2eav,0.005489799,3.547799176,WBGene00009202,,
90,INT13356,II,9337860,9337910,+,chrII:9337860-9337910,eat2eve_N2eav,0.005569018,0.225050367,WBGene00004744,,
131,INT4731,X,9617368,9617661,+,chrX:9617368-9617661,eat2eve_N2eav,0.005618761,0.191229369,WBGene00007521,,
53,INT34724,X,6742970,6743258,+,chrX:6742970-6743258,eat2eve_N2eav,0.005624848,-0.295726429,WBGene00003163,,
156,INT12183,X,12844634,12844977,+,chrX:12844634-12844977,eat2eve_N2eav,0.005637614,-0.396713098,WBGene00008260,,
505,INT54704,I,6653499,6653810,+,chrI:6653499-6653810,eat2eve_N2eav,0.005694159,-0.072543532,WBGene00022633,,
490,INT51857,IV,3057599,3057653,+,chrIV:3057599-3057653,eat2eve_N2eav,0.006118939,1.133120056,WBGene00022067,,
301,INT48893,I,11894978,11895602,+,chrI:11894978-11895602,eat2eve_N2eav,0.006119936,1.041851241,WBGene00012951,,
216,INT26653,II,11573582,11573637,+,chrII:11573582-11573637,eat2eve_N2eav,0.006134922,1.136714026,WBGene00010048,,
455,INT40349,V,8959015,8959065,+,chrV:8959015-8959065,eat2eve_N2eav,0.006306597,-0.728106809,WBGene00020553,,
509,INT4843,V,10221713,10221755,+,chrV:10221713-10221755,eat2eve_N2eav,0.006370995,-3.531696522,WBGene00044175,,
65,INT28929,II,5029144,5029414,+,chrII:5029144-5029414,eat2eve_N2eav,0.006544794,0.662305467,WBGene00003822,,
334,INT15343,V,13870822,13870895,+,chrV:13870822-13870895,eat2eve_N2eav,0.006567548,0.000898199,WBGene00014732,,
87,INT18318,III,5130318,5130369,+,chrIII:5130318-5130369,eat2eve_N2eav,0.00682852,1.33448137,WBGene00004728,,
11,INT27737,II,5471725,5471777,+,chrII:5471725-5471777,eat2eve_N2eav,0.00684529,-0.268381071,WBGene00000548,,
395,INT18455,II,6942778,6944304,+,chrII:6942778-6944304,eat2eve_N2eav,0.007052405,-2.406674216,WBGene00017699,,
308,INT51043,II,12156466,12156509,+,chrII:12156466-12156509,eat2eve_N2eav,0.007218682,-1.847100939,WBGene00013250,,
384,INT14829,I,6760539,6760664,+,chrI:6760539-6760664,eat2eve_N2eav,0.007252457,1.288814999,WBGene00017239,,
466,INT43374,V,8308930,8309438,+,chrV:8308930-8309438,eat2eve_N2eav,0.0072553,-0.289382973,WBGene00020938,,
244,INT36023,III,4294581,4294648,+,chrIII:4294581-4294648,eat2eve_N2eav,0.00736824,0.948851414,WBGene00011202,,
296,INT47190,V,19034301,19034899,+,chrV:19034301-19034899,eat2eve_N2eav,0.007411442,-0.041005306,WBGene00012686,,
406,INT23424,IV,8131441,8131524,+,chrIV:8131441-8131524,eat2eve_N2eav,0.007519873,0.703334676,WBGene00018357,,
92,INT55634,III,8751141,8751748,+,chrIII:8751141-8751748,eat2eve_N2eav,0.007528933,-0.433931272,WBGene00004856,,
506,INT55356,II,5506839,5506891,+,chrII:5506839-5506891,eat2eve_N2eav,0.007529104,-0.171952968,WBGene00022672,,
1,INT2545,X,13694343,13695309,+,chrX:13694343-13695309,eat2eve_N2eav,0.007537744,0.545973026,WBGene00000074,,
408,INT24076,X,7986256,7988081,+,chrX:7986256-7988081,eat2eve_N2eav,0.007791575,-0.555048326,WBGene00018465,,
231,INT31795,V,10363978,10364453,+,chrV:10363978-10364453,eat2eve_N2eav,0.007835505,0.594739073,WBGene00010631,,
529,INT28818,V,11936229,11936308,+,chrV:11936229-11936308,eat2eve_N2eav,0.007956818,0.652654128,WBGene00138720,,
512,INT2425,X,8537111,8537155,+,chrX:8537111-8537155,eat2eve_N2eav,0.008053995,0.379126346,WBGene00044338,,
219,INT26949,V,11788213,11788293,+,chrV:11788213-11788293,eat2eve_N2eav,0.008140316,0.473251812,WBGene00010081,,
243,INT35372,V,12085153,12085202,+,chrV:12085153-12085202,eat2eve_N2eav,0.008255516,1.211988122,WBGene00011094,,
160,INT13297,I,7817265,7817314,+,chrI:7817265-7817314,eat2eve_N2eav,0.008324224,-1.12121492,WBGene00008399,,
526,INT13678,V,202788,203900,+,chrV:202788-203900,eat2eve_N2eav,0.008692241,1.480347342,WBGene00077643,,
451,INT39222,V,3950569,3950721,+,chrV:3950569-3950721,eat2eve_N2eav,0.008696354,2.61666387,WBGene00020386,,
69,INT3711,IV,8178682,8185624,+,chrIV:8178682-8185624,eat2eve_N2eav,0.008982073,0.711676168,WBGene00003961,,
215,INT26640,IV,11292800,11292850,+,chrIV:11292800-11292850,eat2eve_N2eav,0.009014645,-2.259226208,WBGene00010047,,
316,INT53536,I,13576391,13576636,+,chrI:13576391-13576636,eat2eve_N2eav,0.009103869,0.72153662,WBGene00013597,,
531,INT17829,X,1419779,1419988,+,chrX:1419779-1419988,eat2eve_N2eav,0.009159613,0.606536563,WBGene00195185,,
251,INT37022,V,13717951,13718005,+,chrV:13717951-13718005,eat2eve_N2eav,0.009387249,-0.213734286,WBGene00011330,,
489,INT51855,IV,3056246,3056300,+,chrIV:3056246-3056300,eat2eve_N2eav,0.009504551,0.272838977,WBGene00022067,,
311,INT51263,V,18091559,18093986,+,chrV:18091559-18093986,eat2eve_N2eav,0.009568188,0.812712926,WBGene00013350,,
419,INT28334,I,4823134,4823190,+,chrI:4823134-4823190,eat2eve_N2eav,0.009808945,-1.822743518,WBGene00019012,,
236,INT33168,X,13717729,13717844,+,chrX:13717729-13717844,eat2eve_N2eav,0.00992388,0.073451378,WBGene00010774,,
293,INT46679,V,18111657,18112461,+,chrV:18111657-18112461,eat2eve_N2eav,0.009954878,-1.725770088,WBGene00012562,,
112,INT18378,II,8459543,8461044,+,chrII:8459543-8461044,eat2eve_N2eav,0.009964296,-1.281108025,WBGene00006994,,
502,INT45184,I,5106389,5106439,+,chrI:5106389-5106439,eat2eve_N2eav,0.010120127,3.83935006,WBGene00022460,,
460,INT41580,II,1164338,1164440,+,chrII:1164338-1164440,eat2eve_N2eav,0.010227613,0.178480303,WBGene00020740,,
525,INT49979,I,11013888,11014559,+,chrI:11013888-11014559,eat2eve_N2eav,0.010323132,-0.30501815,WBGene00077539,,
537,INT5735,I,9414772,9415279,+,chrI:9414772-9415279,eat2eve_N2eav,0.010425373,-0.540795408,WBGene00219313,,
443,INT36670,III,7211580,7212733,+,chrIII:7211580-7212733,eat2eve_N2eav,0.010434537,0.673078233,WBGene00020107,,
161,INT13462,I,7588933,7588982,+,chrI:7588933-7588982,eat2eve_N2eav,0.010551238,0.193435382,WBGene00008417,,
210,INT25455,II,8415108,8416470,+,chrII:8415108-8416470,eat2eve_N2eav,0.010615589,0.846616984,WBGene00009899,,
143,INT8741,I,8337722,8337774,+,chrI:8337722-8337774,eat2eve_N2eav,0.010642425,0.005485723,WBGene00007912,,
425,INT29971,V,4904270,4904323,+,chrV:4904270-4904323,eat2eve_N2eav,0.010680147,1.602888596,WBGene00019234,,
200,INT21362,V,13725958,13726007,+,chrV:13725958-13726007,eat2eve_N2eav,0.010689337,-0.183908103,WBGene00009427,,
79,INT36269,V,504228,504296,+,chrV:504228-504296,eat2eve_N2eav,0.010765557,1.211365491,WBGene00004144,,
217,INT26841,V,12920100,12920208,+,chrV:12920100-12920208,eat2eve_N2eav,0.010800887,0.634380242,WBGene00010062,,
464,INT43076,V,6499455,6500943,+,chrV:6499455-6500943,eat2eve_N2eav,0.010905253,2.459997049,WBGene00020909,,
140,INT8266,V,18180982,18181032,+,chrV:18180982-18181032,eat2eve_N2eav,0.010913303,1.220250385,WBGene00007850,,
262,INT38637,IV,10557901,10557947,+,chrIV:10557901-10557947,eat2eve_N2eav,0.010951633,0.358355494,WBGene00011600,,
353,INT5474,III,6390046,6390100,+,chrIII:6390046-6390100,eat2eve_N2eav,0.011004676,-0.22371548,WBGene00015807,,
478,INT47630,IV,1746744,1748018,+,chrIV:1746744-1748018,eat2eve_N2eav,0.011812883,0.772421159,WBGene00021506,,
428,INT30751,X,4708809,4709035,+,chrX:4708809-4709035,eat2eve_N2eav,0.011902585,1.219606957,WBGene00019344,,
111,INT838,III,5726167,5726646,+,chrIII:5726167-5726646,eat2eve_N2eav,0.012032043,0.769748532,WBGene00006943,,
46,INT19455,V,5832501,5832554,+,chrV:5832501-5832554,eat2eve_N2eav,0.012161152,0.571797555,WBGene00002637,,
366,INT9276,III,4858364,4858538,+,chrIII:4858364-4858538,eat2eve_N2eav,0.012273214,-0.477077215,WBGene00016444,,
315,INT53218,III,12109717,12109772,+,chrIII:12109717-12109772,eat2eve_N2eav,0.012463112,0.678764658,WBGene00013541,,
13,INT11375,I,6252530,6252593,+,chrI:6252530-6252593,eat2eve_N2eav,0.012704582,1.003250992,WBGene00000583,,
153,INT11546,IV,17335389,17335699,+,chrIV:17335389-17335699,eat2eve_N2eav,0.012714864,-0.382713875,WBGene00008198,,
524,INT27940,I,6149385,6149434,+,chrI:6149385-6149434,eat2eve_N2eav,0.012783775,1.411787832,WBGene00045498,,
142,INT8627,X,14072063,14072196,+,chrX:14072063-14072196,eat2eve_N2eav,0.012790939,0.359235504,WBGene00007904,,
271,INT40587,II,9479005,9479052,+,chrII:9479005-9479052,eat2eve_N2eav,0.012932386,-0.554099139,WBGene00011848,,
212,INT26183,V,13407455,13407504,+,chrV:13407455-13407504,eat2eve_N2eav,0.012933293,0.309503543,WBGene00009980,,
335,INT471,III,5738771,5739194,+,chrIII:5738771-5739194,eat2eve_N2eav,0.012974015,1.193125698,WBGene00015081,,
5,INT19444,I,9789195,9789499,+,chrI:9789195-9789499,eat2eve_N2eav,0.013078324,0.688274032,WBGene00000371,,
108,INT33799,II,4588238,4589008,+,chrII:4588238-4589008,eat2eve_N2eav,0.013172544,0.222336745,WBGene00006868,,
486,INT50460,III,2492890,2493868,+,chrIII:2492890-2493868,eat2eve_N2eav,0.01323343,0.566037816,WBGene00021847,,
206,INT22785,III,9914906,9915036,+,chrIII:9914906-9915036,eat2eve_N2eav,0.013252585,-1.660605562,WBGene00009595,,
57,INT111,II,9524872,9524924,+,chrII:9524872-9524924,eat2eve_N2eav,0.013279688,-0.688248828,WBGene00003231,,
164,INT13679,II,8008744,8008945,+,chrII:8008744-8008945,eat2eve_N2eav,0.013312185,-1.491877972,WBGene00008435,,
178,INT15804,IV,12104780,12104916,+,chrIV:12104780-12104916,eat2eve_N2eav,0.013475039,1.226171027,WBGene00008685,,
500,INT53600,I,1530099,1532236,+,chrI:1530099-1532236,eat2eve_N2eav,0.01354102,1.334345615,WBGene00022360,,
513,INT53441,III,1330580,1330759,+,chrIII:1330580-1330759,eat2eve_N2eav,0.013623368,0.381139305,WBGene00044402,,
479,INT47838,III,6154293,6154405,+,chrIII:6154293-6154405,eat2eve_N2eav,0.01391109,0.420296361,WBGene00021531,,
56,INT4265,IV,8512624,8512701,+,chrIV:8512624-8512701,eat2eve_N2eav,0.013953728,0.59808814,WBGene00003224,,
434,INT33597,I,5582618,5582786,+,chrI:5582618-5582786,eat2eve_N2eav,0.014010468,1.110824085,WBGene00019710,,
132,INT4734,X,9618418,9618561,+,chrX:9618418-9618561,eat2eve_N2eav,0.014056437,1.256547812,WBGene00007521,,
476,INT47409,I,2348305,2349048,+,chrI:2348305-2349048,eat2eve_N2eav,0.0141882,-2.036680277,WBGene00021463,,
85,INT17512,I,8092282,8092391,+,chrI:8092282-8092391,eat2eve_N2eav,0.014286714,-0.052900035,WBGene00004378,,
463,INT42442,I,6112644,6112700,+,chrI:6112644-6112700,eat2eve_N2eav,0.014387562,3.244746672,WBGene00020839,,
356,INT6566,V,5518709,5518781,+,chrV:5518709-5518781,eat2eve_N2eav,0.014400906,-0.753745132,WBGene00016060,,
520,INT14713,IV,17441351,17441929,+,chrIV:17441351-17441929,eat2eve_N2eav,0.014473593,0.671519438,WBGene00045013,,
119,INT1286,V,18319249,18319300,+,chrV:18319249-18319300,eat2eve_N2eav,0.014920472,0.726642638,WBGene00007182,,
351,INT4652,I,4729413,4729599,+,chrI:4729413-4729599,eat2eve_N2eav,0.014939567,0.482328335,WBGene00015693,,
453,INT39379,I,6534192,6536130,+,chrI:6534192-6536130,eat2eve_N2eav,0.015004514,0.807988403,WBGene00020413,,
62,INT54321,IV,9072900,9073219,+,chrIV:9072900-9073219,eat2eve_N2eav,0.0150394,0.250203499,WBGene00003610,,
499,INT52835,IV,6445592,6446140,+,chrIV:6445592-6446140,eat2eve_N2eav,0.015059245,0.840079784,WBGene00022252,,
361,INT6988,II,5693019,5693259,+,chrII:5693019-5693259,eat2eve_N2eav,0.01516802,1.248597082,WBGene00016113,,
276,INT41617,I,7679553,7679733,+,chrI:7679553-7679733,eat2eve_N2eav,0.015168625,-1.033582531,WBGene00011972,,
165,INT13778,V,17923218,17923983,+,chrV:17923218-17923983,eat2eve_N2eav,0.015225462,-2.925413125,WBGene00008442,,
280,INT43255,I,12750673,12751457,+,chrI:12750673-12751457,eat2eve_N2eav,0.015295061,1.230467256,WBGene00012195,,
504,INT54507,IV,7104279,7104336,+,chrIV:7104279-7104336,eat2eve_N2eav,0.015360511,1.172832679,WBGene00022618,,
379,INT12910,III,6364374,6364803,+,chrIII:6364374-6364803,eat2eve_N2eav,0.015381857,-0.382542425,WBGene00016977,,
383,INT14005,X,5716145,5716792,+,chrX:5716145-5716792,eat2eve_N2eav,0.015472662,1.755346017,WBGene00017108,,
433,INT33504,I,5566045,5566102,+,chrI:5566045-5566102,eat2eve_N2eav,0.015522839,0.815115532,WBGene00019692,,
50,INT23275,IV,8623346,8623581,+,chrIV:8623346-8623581,eat2eve_N2eav,0.015560385,-0.16614639,WBGene00003034,,
193,INT20289,I,9506738,9506789,+,chrI:9506738-9506789,eat2eve_N2eav,0.01563456,2.05525173,WBGene00009267,,
228,INT30959,III,9929184,9929381,+,chrIII:9929184-9929381,eat2eve_N2eav,0.015685639,3.083226607,WBGene00010541,,
38,INT4479,IV,11437906,11439146,+,chrIV:11437906-11439146,eat2eve_N2eav,0.015774431,-1.06250444,WBGene00002192,,
49,INT23272,IV,8621662,8621736,+,chrIV:8621662-8621736,eat2eve_N2eav,0.015792133,0.071806408,WBGene00003034,,
8,INT50496,III,2533950,2536398,+,chrIII:2533950-2536398,eat2eve_N2eav,0.015883499,0.518107027,WBGene00000464,,
401,INT20818,IV,7580863,7581015,+,chrIV:7580863-7581015,eat2eve_N2eav,0.016152143,2.465829244,WBGene00017989,,
418,INT28140,I,6571105,6571375,+,chrI:6571105-6571375,eat2eve_N2eav,0.016181397,0.5725226,WBGene00019001,,
232,INT31992,I,7170467,7170979,+,chrI:7170467-7170979,eat2eve_N2eav,0.01634671,0.938483783,WBGene00010644,,
121,INT1667,I,13389481,13389834,+,chrI:13389481-13389834,eat2eve_N2eav,0.016465912,1.313348831,WBGene00007215,,
300,INT48274,III,10568946,10568996,+,chrIII:10568946-10568996,eat2eve_N2eav,0.016520067,1.445113992,WBGene00012860,,
194,INT20406,I,15040042,15040274,+,chrI:15040042-15040274,eat2eve_N2eav,0.016654752,1.280261553,WBGene00009284,,
495,INT52683,III,2729583,2731232,+,chrIII:2729583-2731232,eat2eve_N2eav,0.016812735,-2.521049573,WBGene00022172,,
201,INT21488,IV,12204084,12205237,+,chrIV:12204084-12205237,eat2eve_N2eav,0.01684596,-0.864367039,WBGene00009435,,
51,INT17481,II,7669378,7669845,+,chrII:7669378-7669845,eat2eve_N2eav,0.01690436,-0.694051799,WBGene00003045,,
26,INT31089,IV,10199067,10199319,+,chrIV:10199067-10199319,eat2eve_N2eav,0.01694831,-0.470718537,WBGene00001653,,
172,INT15034,IV,12436548,12436933,+,chrIV:12436548-12436933,eat2eve_N2eav,0.017014768,1.370753015,WBGene00008584,,
162,INT13475,I,7593390,7593683,+,chrI:7593390-7593683,eat2eve_N2eav,0.017428481,0.724478311,WBGene00008418,,
180,INT15926,X,12997521,12997740,+,chrX:12997521-12997740,eat2eve_N2eav,0.017558391,0.669810409,WBGene00008694,,
359,INT6698,X,9116368,9116438,+,chrX:9116368-9116438,eat2eve_N2eav,0.017575121,0.299326137,WBGene00016087,,
264,INT39143,V,13174690,13175053,+,chrV:13174690-13175053,eat2eve_N2eav,0.017609347,-0.7929959,WBGene00011647,,
124,INT2023,II,9292226,9292330,+,chrII:9292226-9292330,eat2eve_N2eav,0.017712195,0.647435617,WBGene00007228,,
307,INT50988,II,12149532,12149779,+,chrII:12149532-12149779,eat2eve_N2eav,0.017992496,0.207265168,WBGene00013247,,
34,INT19354,IV,17279169,17279219,+,chrIV:17279169-17279219,eat2eve_N2eav,0.018064368,0.445013725,WBGene00002005,,
122,INT1670,I,13392506,13393385,+,chrI:13392506-13393385,eat2eve_N2eav,0.018610505,-0.451833889,WBGene00007216,,
411,INT24444,I,5634058,5634125,+,chrI:5634058-5634125,eat2eve_N2eav,0.018617068,0.539052286,WBGene00018508,,
415,INT27595,IV,774658,775528,+,chrIV:774658-775528,eat2eve_N2eav,0.018763048,-2.114115991,WBGene00018932,,
73,INT9037,I,5894574,5894813,+,chrI:5894574-5894813,eat2eve_N2eav,0.018790849,0.828986362,WBGene00003996,,
199,INT21202,II,8254129,8254205,+,chrII:8254129-8254205,eat2eve_N2eav,0.018810264,0.735411104,WBGene00009404,,
254,INT37542,III,4705035,4705091,+,chrIII:4705035-4705091,eat2eve_N2eav,0.018831678,0.583394951,WBGene00011412,,
399,INT19515,II,4790388,4791026,+,chrII:4790388-4791026,eat2eve_N2eav,0.018849161,0.388186779,WBGene00017837,,
151,INT11060,IV,13728494,13728994,+,chrIV:13728494-13728994,eat2eve_N2eav,0.018876049,-2.354214567,WBGene00008123,,
128,INT3899,IV,13633537,13633820,+,chrIV:13633537-13633820,eat2eve_N2eav,0.018980575,-0.264679102,WBGene00007453,,
83,INT849,III,5698743,5698797,+,chrIII:5698743-5698797,eat2eve_N2eav,0.019021919,-0.7328223,WBGene00004348,,
369,INT10287,I,4257107,4257701,+,chrI:4257107-4257701,eat2eve_N2eav,0.019062454,-0.739150407,WBGene00016603,,
158,INT12813,V,13552095,13552145,+,chrV:13552095-13552145,eat2eve_N2eav,0.01907679,0.055212181,WBGene00008344,,
89,INT6136,IV,8079147,8081434,+,chrIV:8079147-8081434,eat2eve_N2eav,0.019095014,0.3036745,WBGene00004732,,
30,INT31656,III,8086841,8086902,+,chrIII:8086841-8086902,eat2eve_N2eav,0.019136877,1.076872709,WBGene00001743,,
472,INT46380,X,5253166,5253799,+,chrX:5253166-5253799,eat2eve_N2eav,0.019281387,0.612772657,WBGene00021322,,
445,INT37630,III,5997435,6003150,+,chrIII:5997435-6003150,eat2eve_N2eav,0.019408147,0.13184922,WBGene00020209,,
281,INT43383,I,12533891,12534012,+,chrI:12533891-12534012,eat2eve_N2eav,0.019571634,0.096428361,WBGene00012208,,
148,INT9869,IV,13081326,13082315,+,chrIV:13081326-13082315,eat2eve_N2eav,0.019606372,0.381732784,WBGene00008032,,
260,INT38548,II,8887693,8887845,+,chrII:8887693-8887845,eat2eve_N2eav,0.019656978,-0.374469848,WBGene00011580,,
323,INT54587,X,9967847,9968013,+,chrX:9967847-9968013,eat2eve_N2eav,0.019738053,0.816408256,WBGene00013920,,
17,INT32129,IV,4176506,4177047,+,chrIV:4176506-4177047,eat2eve_N2eav,0.019762143,1.475089745,WBGene00001033,,
413,INT26167,I,3831471,3831834,+,chrI:3831471-3831834,eat2eve_N2eav,0.019766739,-3.208842118,WBGene00018764,,
63,INT51402,V,2196320,2196666,+,chrV:2196320-2196666,eat2eve_N2eav,0.02001711,-1.069035517,WBGene00003612,,
436,INT33707,X,332936,333410,+,chrX:332936-333410,eat2eve_N2eav,0.02007168,1.640248641,WBGene00019733,,
375,INT12797,IV,7894673,7894774,+,chrIV:7894673-7894774,eat2eve_N2eav,0.020087964,-1.410739075,WBGene00016957,,
207,INT22787,III,9915325,9915368,+,chrIII:9915325-9915368,eat2eve_N2eav,0.020104532,-3.003012665,WBGene00009595,,
23,INT1455,I,10668002,10668635,+,chrI:10668002-10668635,eat2eve_N2eav,0.020173484,0.154450275,WBGene00001432,,
494,INT52645,III,2686941,2688528,+,chrIII:2686941-2688528,eat2eve_N2eav,0.02024436,-1.948308059,WBGene00022165,,
182,INT16358,IV,10871942,10872382,+,chrIV:10871942-10872382,eat2eve_N2eav,0.020362405,-0.319683243,WBGene00008750,,
235,INT32887,IV,12976369,12976423,+,chrIV:12976369-12976423,eat2eve_N2eav,0.02042941,1.162449251,WBGene00010745,,
511,INT1683,IV,6658605,6658782,+,chrIV:6658605-6658782,eat2eve_N2eav,0.02043609,0.157597542,WBGene00044294,,
257,INT38028,IV,11119785,11120629,+,chrIV:11119785-11120629,eat2eve_N2eav,0.020503909,-0.566461539,WBGene00011480,,
47,INT28089,V,12656113,12656163,+,chrV:12656113-12656163,eat2eve_N2eav,0.020532236,1.70689842,WBGene00003011,,
370,INT10676,X,6055547,6055622,+,chrX:6055547-6055622,eat2eve_N2eav,0.02067505,0.5573592,WBGene00016661,,
483,INT49655,III,268788,271743,+,chrIII:268788-271743,eat2eve_N2eav,0.020706548,0.570334554,WBGene00021752,,
204,INT22597,I,8659363,8659683,+,chrI:8659363-8659683,eat2eve_N2eav,0.020709509,1.118239261,WBGene00009562,,
208,INT23107,X,10280011,10280860,+,chrX:10280011-10280860,eat2eve_N2eav,0.020891085,1.710388419,WBGene00009617,,
410,INT24435,I,5630274,5630511,+,chrI:5630274-5630511,eat2eve_N2eav,0.020926409,-0.47149088,WBGene00018508,,
309,INT51131,IV,14852942,14853449,+,chrIV:14852942-14853449,eat2eve_N2eav,0.020978953,3.414934326,WBGene00013317,,
125,INT2024,II,9292443,9292493,+,chrII:9292443-9292493,eat2eve_N2eav,0.021195768,-0.127567051,WBGene00007228,,
229,INT31032,II,14442212,14442917,+,chrII:14442212-14442917,eat2eve_N2eav,0.021239797,1.099883119,WBGene00010551,,
168,INT14477,IV,14196796,14196930,+,chrIV:14196796-14196930,eat2eve_N2eav,0.021441136,0.635791702,WBGene00008535,,
294,INT46852,II,12609126,12609531,+,chrII:12609126-12609531,eat2eve_N2eav,0.021623332,-0.280905108,WBGene00012587,,
4,INT12255,IV,8989144,8989286,+,chrIV:8989144-8989286,eat2eve_N2eav,0.021634613,-0.028477461,WBGene00000266,,
106,INT1900,V,15074887,15076139,+,chrV:15074887-15076139,eat2eve_N2eav,0.021655439,2.171308062,WBGene00006808,,
288,INT45779,II,12056161,12057260,+,chrII:12056161-12057260,eat2eve_N2eav,0.021759082,1.011347818,WBGene00012463,,
39,INT41337,V,13879769,13879913,+,chrV:13879769-13879913,eat2eve_N2eav,0.021800869,0.660981586,WBGene00002259,,
289,INT45938,I,12851497,12852812,+,chrI:12851497-12852812,eat2eve_N2eav,0.021852852,0.472723846,WBGene00012478,,
501,INT45238,I,5130163,5130224,+,chrI:5130163-5130224,eat2eve_N2eav,0.021864501,-0.526041665,WBGene00022457,,
145,INT9403,I,8741125,8741188,+,chrI:8741125-8741188,eat2eve_N2eav,0.021912304,-0.42395796,WBGene00007975,,
448,INT38179,V,6437190,6437242,+,chrV:6437190-6437242,eat2eve_N2eav,0.021971689,0.884438574,WBGene00020268,,
481,INT49337,III,2092806,2092866,+,chrIII:2092806-2092866,eat2eve_N2eav,0.022087361,-1.645112174,WBGene00021702,,
488,INT50917,IV,3371844,3372521,+,chrIV:3371844-3372521,eat2eve_N2eav,0.022092629,-0.078007031,WBGene00021952,,
213,INT26185,V,13407815,13407866,+,chrV:13407815-13407866,eat2eve_N2eav,0.022303121,1.574493759,WBGene00009980,,
496,INT52684,III,2731426,2731497,+,chrIII:2731426-2731497,eat2eve_N2eav,0.022381691,2.085022292,WBGene00022172,,
346,INT3478,III,7989433,7989590,+,chrIII:7989433-7989590,eat2eve_N2eav,0.022407312,0.21398116,WBGene00015557,,
54,INT3321,II,9361867,9362043,+,chrII:9361867-9362043,eat2eve_N2eav,0.022433095,0.554922366,WBGene00003196,,
81,INT41214,I,7966897,7970526,+,chrI:7966897-7970526,eat2eve_N2eav,0.022479679,-0.6272516,WBGene00004318,,
325,INT56222,III,9813962,9814015,+,chrIII:9813962-9814015,eat2eve_N2eav,0.022501512,-0.395754975,WBGene00014020,,
412,INT24448,I,5635400,5636716,+,chrI:5635400-5636716,eat2eve_N2eav,0.022730093,1.475730522,WBGene00018508,,
256,INT37784,V,12251522,12251571,+,chrV:12251522-12251571,eat2eve_N2eav,0.022855853,1.626430973,WBGene00011451,,
462,INT42243,IV,8436185,8436253,+,chrIV:8436185-8436253,eat2eve_N2eav,0.02289553,0.597810545,WBGene00020824,,
269,INT40264,III,10110892,10111194,+,chrIII:10110892-10111194,eat2eve_N2eav,0.022943955,0.57142132,WBGene00011817,,
350,INT4648,I,4733783,4734586,+,chrI:4733783-4734586,eat2eve_N2eav,0.022997453,-0.417924891,WBGene00015692,,
403,INT22100,I,6423496,6423588,+,chrI:6423496-6423588,eat2eve_N2eav,0.023162272,0.623872578,WBGene00018156,,
103,INT18931,III,5941864,5941916,+,chrIII:5941864-5941916,eat2eve_N2eav,0.023249878,-7.010440812,WBGene00006727,,
303,INT49988,I,10974820,10976211,+,chrI:10974820-10976211,eat2eve_N2eav,0.023383506,-0.945847476,WBGene00013123,,
205,INT22762,IV,11594333,11594695,+,chrIV:11594333-11594695,eat2eve_N2eav,0.023384631,-0.705795596,WBGene00009587,,
261,INT38570,V,12861162,12861329,+,chrV:12861162-12861329,eat2eve_N2eav,0.023532915,0.316389097,WBGene00011587,,
209,INT23694,I,8610611,8610678,+,chrI:8610611-8610678,eat2eve_N2eav,0.023665473,0.905986004,WBGene00009665,,
387,INT15411,V,7180842,7180902,+,chrV:7180842-7180902,eat2eve_N2eav,0.02366961,-0.28424235,WBGene00017313,,
202,INT22251,V,11539982,11540068,+,chrV:11539982-11540068,eat2eve_N2eav,0.023823481,1.781994596,WBGene00009532,,
534,INT10189,IV,7167361,7167561,+,chrIV:7167361-7167561,eat2eve_N2eav,0.024453943,0.994562212,WBGene00206380,,
368,INT9892,II,2142320,2142755,+,chrII:2142320-2142755,eat2eve_N2eav,0.024486982,0.024042986,WBGene00016546,,
459,INT41436,I,6718623,6718674,+,chrI:6718623-6718674,eat2eve_N2eav,0.024550017,-0.33956284,WBGene00020709,,
116,INT654,III,4343828,4343929,+,chrIII:4343828-4343929,eat2eve_N2eav,0.024554769,-0.602208951,WBGene00007137,,
78,INT31854,II,4039020,4040355,+,chrII:4039020-4040355,eat2eve_N2eav,0.024641472,-0.711615969,WBGene00004135,,
107,INT12150,II,7009777,7010089,+,chrII:7009777-7010089,eat2eve_N2eav,0.024787651,-1.624472304,WBGene00006831,,
126,INT1928,V,15082902,15082955,+,chrV:15082902-15082955,eat2eve_N2eav,0.02481619,1.523268135,WBGene00007236,,
284,INT44137,X,12295017,12295113,+,chrX:12295017-12295113,eat2eve_N2eav,0.025224267,-0.927871095,WBGene00012299,,
336,INT504,II,6921271,6921322,+,chrII:6921271-6921322,eat2eve_N2eav,0.025236953,-4.242020882,WBGene00015087,,
91,INT24325,I,9469785,9469965,+,chrI:9469785-9469965,eat2eve_N2eav,0.025242008,-0.914566389,WBGene00004808,,
498,INT52853,IV,6338092,6338233,+,chrIV:6338092-6338233,eat2eve_N2eav,0.025247461,0.790639111,WBGene00022233,,
274,INT41486,I,9992604,9993127,+,chrI:9992604-9993127,eat2eve_N2eav,0.025287838,-1.539421956,WBGene00011945,,
444,INT37200,X,2697635,2697855,+,chrX:2697635-2697855,eat2eve_N2eav,0.025509224,0.191243529,WBGene00020158,,
196,INT21261,II,12902133,12902337,+,chrII:12902133-12902337,eat2eve_N2eav,0.025708525,-0.448017783,WBGene00009396,,
35,INT56596,II,5996631,5996688,+,chrII:5996631-5996688,eat2eve_N2eav,0.025719219,-0.512957085,WBGene00002087,,
405,INT23292,IV,8613996,8614153,+,chrIV:8613996-8614153,eat2eve_N2eav,0.025737024,-0.560892701,WBGene00018334,,
268,INT40213,III,10066792,10066843,+,chrIII:10066792-10066843,eat2eve_N2eav,0.025828244,0.222877504,WBGene00011806,,
20,INT13345,II,9331815,9332243,+,chrII:9331815-9332243,eat2eve_N2eav,0.025834046,0.712521368,WBGene00001229,,
417,INT27872,X,875657,875774,+,chrX:875657-875774,eat2eve_N2eav,0.025923158,0.491638416,WBGene00018984,,
44,INT559,I,5261618,5262188,+,chrI:5261618-5262188,eat2eve_N2eav,0.025936601,-0.049438911,WBGene00002583,,
96,INT3075,V,753654,753863,+,chrV:753654-753863,eat2eve_N2eav,0.025988295,1.016510029,WBGene00005642,,
147,INT9708,III,4800928,4801122,+,chrIII:4800928-4801122,eat2eve_N2eav,0.026094698,-0.957896062,WBGene00008006,,
471,INT46173,II,3084808,3085518,+,chrII:3084808-3085518,eat2eve_N2eav,0.026162261,-0.671607003,WBGene00021292,,
390,INT17255,V,6108971,6113869,+,chrV:6108971-6113869,eat2eve_N2eav,0.026346555,2.401490611,WBGene00017534,,
439,INT34599,X,4019928,4019979,+,chrX:4019928-4019979,eat2eve_N2eav,0.026399291,-0.874546207,WBGene00019827,,
154,INT11728,V,13583542,13583595,+,chrV:13583542-13583595,eat2eve_N2eav,0.026505405,-0.475747373,WBGene00008227,,
184,INT16378,I,7308039,7308245,+,chrI:7308039-7308245,eat2eve_N2eav,0.026545312,-0.039942002,WBGene00008769,,
3,INT26693,III,5077859,5078418,+,chrIII:5077859-5078418,eat2eve_N2eav,0.026605968,1.838538842,WBGene00000107,,
392,INT18451,II,6932580,6933013,+,chrII:6932580-6933013,eat2eve_N2eav,0.026693003,-0.020451976,WBGene00017699,,
305,INT50118,II,15035783,15036904,+,chrII:15035783-15036904,eat2eve_N2eav,0.026751839,-0.264270747,WBGene00013160,,
347,INT3650,II,7382737,7382789,+,chrII:7382737-7382789,eat2eve_N2eav,0.026761457,-0.646093885,WBGene00015569,,
15,INT34085,II,8227477,8227552,+,chrII:8227477-8227552,eat2eve_N2eav,0.026776576,0.603813265,WBGene00000894,,
313,INT51723,III,11526785,11526838,+,chrIII:11526785-11526838,eat2eve_N2eav,0.027108666,0.920326859,WBGene00013441,,
382,INT13653,IV,8373137,8373293,+,chrIV:8373137-8373293,eat2eve_N2eav,0.027209443,0.169835317,WBGene00017071,,
9,INT691,III,4366794,4366862,+,chrIII:4366794-4366862,eat2eve_N2eav,0.027352511,-2.090286988,WBGene00000511,,
487,INT50704,IV,2854924,2855016,+,chrIV:2854924-2855016,eat2eve_N2eav,0.027395547,0.743327363,WBGene00021872,,
150,INT10338,IV,10578859,10578976,+,chrIV:10578859-10578976,eat2eve_N2eav,0.027507145,1.633019035,WBGene00008076,,
102,INT54341,IV,9085877,9086378,+,chrIV:9085877-9086378,eat2eve_N2eav,0.027510311,0.115770542,WBGene00006663,,
374,INT12083,X,4266607,4266901,+,chrX:4266607-4266901,eat2eve_N2eav,0.027560788,0.051444503,WBGene00016866,,
314,INT51725,III,11527404,11528288,+,chrIII:11527404-11528288,eat2eve_N2eav,0.02772318,-1.574087312,WBGene00013441,,
485,INT49864,I,1926275,1928158,+,chrI:1926275-1928158,eat2eve_N2eav,0.02773973,-0.969673583,WBGene00021766,,
362,INT7187,III,4934543,4934583,+,chrIII:4934543-4934583,eat2eve_N2eav,0.027841853,-0.042306398,WBGene00016143,,
52,INT4381,I,8129601,8129803,+,chrI:8129601-8129803,eat2eve_N2eav,0.027868052,0.193740605,WBGene00003136,,
25,INT47300,III,13196179,13197609,+,chrIII:13196179-13197609,eat2eve_N2eav,0.027885731,1.181096032,WBGene00001630,,
338,INT1223,II,287267,287878,+,chrII:287267-287878,eat2eve_N2eav,0.028212172,1.185301767,WBGene00015186,,
246,INT36120,I,7871485,7871532,+,chrI:7871485-7871532,eat2eve_N2eav,0.028228861,-0.047051506,WBGene00011232,,
365,INT9045,I,5873365,5873654,+,chrI:5873365-5873654,eat2eve_N2eav,0.028284355,0.433915343,WBGene00016421,,
372,INT11856,V,7593497,7593549,+,chrV:7593497-7593549,eat2eve_N2eav,0.028323848,5.027236964,WBGene00016816,,
253,INT37355,V,20838371,20838420,+,chrV:20838371-20838420,eat2eve_N2eav,0.028907371,2.727757556,WBGene00011391,,
24,INT46992,III,10697324,10697524,+,chrIII:10697324-10697524,eat2eve_N2eav,0.028940245,-0.115936186,WBGene00001478,,
157,INT12596,I,8016962,8017133,+,chrI:8016962-8017133,eat2eve_N2eav,0.028943621,0.111085504,WBGene00008311,,
518,INT39474,V,6653167,6653511,+,chrV:6653167-6653511,eat2eve_N2eav,0.029036761,-1.654986328,WBGene00044779,,
371,INT11000,IV,6016029,6016318,+,chrIV:6016029-6016318,eat2eve_N2eav,0.029059411,0.684267415,WBGene00016722,,
317,INT53539,I,13579354,13580317,+,chrI:13579354-13580317,eat2eve_N2eav,0.029204527,1.367686162,WBGene00013597,,
493,INT52513,IV,2181194,2182079,+,chrIV:2181194-2182079,eat2eve_N2eav,0.02930161,-0.641022182,WBGene00022134,,
454,INT39691,IV,5552334,5552848,+,chrIV:5552334-5552848,eat2eve_N2eav,0.029472054,-0.367457954,WBGene00020462,,
331,INT55014,III,9523108,9523884,+,chrIII:9523108-9523884,eat2eve_N2eav,0.029637754,0.902776915,WBGene00014218,,
221,INT28628,V,9742879,9743188,+,chrV:9742879-9743188,eat2eve_N2eav,0.029789726,1.418185712,WBGene00010251,,
115,INT210,IV,11318956,11319016,+,chrIV:11318956-11319016,eat2eve_N2eav,0.029798136,0.143948482,WBGene00007108,,
312,INT51494,IV,13402139,13402712,+,chrIV:13402139-13402712,eat2eve_N2eav,0.029838416,0.253691571,WBGene00013381,,
470,INT49565,IV,5324237,5324802,+,chrIV:5324237-5324802,eat2eve_N2eav,0.029883465,1.199273633,WBGene00021159,,
72,INT9032,I,5891222,5891423,+,chrI:5891222-5891423,eat2eve_N2eav,0.029922737,1.608034665,WBGene00003996,,
337,INT595,III,7134059,7134112,+,chrIII:7134059-7134112,eat2eve_N2eav,0.030099526,0.367667547,WBGene00015099,,
129,INT3907,IV,13640888,13641596,+,chrIV:13640888-13641596,eat2eve_N2eav,0.030317854,0.868653305,WBGene00007455,,
152,INT11065,IV,13731471,13731720,+,chrIV:13731471-13731720,eat2eve_N2eav,0.030492537,-1.168331539,WBGene00008123,,
422,INT28947,II,5003022,5003071,+,chrII:5003022-5003071,eat2eve_N2eav,0.030585688,0.831289069,WBGene00019087,,
198,INT21201,II,8253974,8254033,+,chrII:8253974-8254033,eat2eve_N2eav,0.030588151,0.373494686,WBGene00009404,,
437,INT33713,X,3032225,3032279,+,chrX:3032225-3032279,eat2eve_N2eav,0.03075649,-0.097270209,WBGene00019738,,
343,INT2343,III,7716972,7717144,+,chrIII:7716972-7717144,eat2eve_N2eav,0.030775553,-0.108231633,WBGene00015386,,
27,INT23084,V,8619129,8619443,+,chrV:8619129-8619443,eat2eve_N2eav,0.03080523,-0.990839989,WBGene00001694,,
58,INT34056,II,10837084,10837180,+,chrII:10837084-10837180,eat2eve_N2eav,0.030837672,1.558884001,WBGene00003367,,
66,INT3619,X,9540241,9540535,+,chrX:9540241-9540535,eat2eve_N2eav,0.030861624,1.275383954,WBGene00003828,,
491,INT51979,IV,2519136,2520633,+,chrIV:2519136-2520633,eat2eve_N2eav,0.031160903,-1.166653655,WBGene00022087,,
252,INT37183,III,4020447,4020497,+,chrIII:4020447-4020497,eat2eve_N2eav,0.031178353,0.041529211,WBGene00011367,,
279,INT43215,V,20660761,20660949,+,chrV:20660761-20660949,eat2eve_N2eav,0.031603589,0.585951682,WBGene00012185,,
186,INT16898,II,13247531,13247581,+,chrII:13247531-13247581,eat2eve_N2eav,0.031616435,1.577691354,WBGene00008862,,
389,INT16502,X,6905031,6905598,+,chrX:6905031-6905598,eat2eve_N2eav,0.031646861,1.174589721,WBGene00017445,,
429,INT31674,III,8092017,8092389,+,chrIII:8092017-8092389,eat2eve_N2eav,0.031748659,1.875816313,WBGene00019460,,
226,INT30402,II,8266232,8266287,+,chrII:8266232-8266287,eat2eve_N2eav,0.031860149,0.570917734,WBGene00010456,,
203,INT22437,IV,11860682,11861016,+,chrIV:11860682-11861016,eat2eve_N2eav,0.031925897,2.91257557,WBGene00009551,,
6,INT38112,III,9748115,9748165,+,chrIII:9748115-9748165,eat2eve_N2eav,0.031987613,0.678262883,WBGene00000405,,
77,INT23404,IV,8147297,8147624,+,chrIV:8147297-8147624,eat2eve_N2eav,0.032016663,0.932499993,WBGene00004056,,
144,INT9099,V,10495317,10495392,+,chrV:10495317-10495392,eat2eve_N2eav,0.03213412,-0.032058572,WBGene00007946,,
118,INT1275,II,8923711,8924073,+,chrII:8923711-8924073,eat2eve_N2eav,0.032155796,0.200736533,WBGene00007180,,
324,INT55706,I,11153149,11153906,+,chrI:11153149-11153906,eat2eve_N2eav,0.032200462,0.330072926,WBGene00013931,,
328,INT56667,IV,11695570,11696169,+,chrIV:11695570-11696169,eat2eve_N2eav,0.032456096,1.256762391,WBGene00014079,,
278,INT43116,I,7070247,7070311,+,chrI:7070247-7070311,eat2eve_N2eav,0.032470514,0.228554576,WBGene00012167,,
517,INT46735,IV,204017,204928,+,chrIV:204017-204928,eat2eve_N2eav,0.03299316,0.639258164,WBGene00044736,,
497,INT52823,IV,6416146,6416727,+,chrIV:6416146-6416727,eat2eve_N2eav,0.033006951,-1.010316958,WBGene00022232,,
134,INT7093,I,7534992,7535157,+,chrI:7534992-7535157,eat2eve_N2eav,0.033010756,-1.108171889,WBGene00007739,,
76,INT17909,IV,8752213,8752300,+,chrIV:8752213-8752300,eat2eve_N2eav,0.033065412,1.391326476,WBGene00004051,,
136,INT7448,X,14854429,14854478,+,chrX:14854429-14854478,eat2eve_N2eav,0.0330992,1.308676826,WBGene00007774,,
458,INT40733,V,3415466,3415509,+,chrV:3415466-3415509,eat2eve_N2eav,0.03332426,-0.778341477,WBGene00020611,,
259,INT38120,III,9759973,9760029,+,chrIII:9759973-9760029,eat2eve_N2eav,0.033370663,1.284638959,WBGene00011501,,
442,INT36324,II,6051856,6051924,+,chrII:6051856-6051924,eat2eve_N2eav,0.033612242,2.271958864,WBGene00020022,,
247,INT36145,IV,10377956,10378005,+,chrIV:10377956-10378005,eat2eve_N2eav,0.033771681,0.376119258,WBGene00011240,,
166,INT14112,II,10417895,10417947,+,chrII:10417895-10417947,eat2eve_N2eav,0.034313831,0.489596242,WBGene00008480,,
503,INT54443,X,5020448,5020500,+,chrX:5020448-5020500,eat2eve_N2eav,0.034371496,-2.081537119,WBGene00022613,,
82,INT20476,III,6973198,6973250,+,chrIII:6973198-6973250,eat2eve_N2eav,0.034425291,-0.063574797,WBGene00004340,,
285,INT44274,II,9162677,9162730,+,chrII:9162677-9162730,eat2eve_N2eav,0.03454372,0.06131095,WBGene00012324,,
339,INT1720,IV,6632840,6632897,+,chrIV:6632840-6632897,eat2eve_N2eav,0.034615918,-0.019401668,WBGene00015283,,
388,INT16030,X,3303737,3303783,+,chrX:3303737-3303783,eat2eve_N2eav,0.034656167,-0.964005173,WBGene00017382,,
239,INT35024,I,12187626,12188667,+,chrI:12187626-12188667,eat2eve_N2eav,0.034781143,-1.167036354,WBGene00011030,,
249,INT36770,II,9944290,9944337,+,chrII:9944290-9944337,eat2eve_N2eav,0.034792206,1.678563105,WBGene00011271,,
423,INT29728,III,7464266,7464388,+,chrIII:7464266-7464388,eat2eve_N2eav,0.034830929,0.387121844,WBGene00019196,,
175,INT15843,V,9516334,9517015,+,chrV:9516334-9517015,eat2eve_N2eav,0.034880037,-0.484213038,WBGene00008670,,
97,INT54601,V,8053084,8053594,+,chrV:8053084-8053594,eat2eve_N2eav,0.035014703,0.261639734,WBGene00006060,,
363,INT8076,II,7291011,7291473,+,chrII:7291011-7291473,eat2eve_N2eav,0.035032352,0.368062713,WBGene00016274,,
84,INT23964,X,14964915,14964965,+,chrX:14964915-14964965,eat2eve_N2eav,0.035033031,1.145064916,WBGene00004354,,
174,INT15091,X,13136417,13136780,+,chrX:13136417-13136780,eat2eve_N2eav,0.035630516,-0.43514023,WBGene00008599,,
234,INT32079,IV,10660061,10660113,+,chrIV:10660061-10660113,eat2eve_N2eav,0.03564286,-1.160627631,WBGene00010646,,
2,INT4839,V,10250677,10250840,+,chrV:10250677-10250840,eat2eve_N2eav,0.035682125,-0.574940063,WBGene00000102,,
223,INT29041,I,10534049,10534204,+,chrI:10534049-10534204,eat2eve_N2eav,0.035720274,-0.331671662,WBGene00010328,,
45,INT19452,V,5829380,5829430,+,chrV:5829380-5829430,eat2eve_N2eav,0.03597497,-1.384180996,WBGene00002637,,
233,INT32075,IV,10657441,10658913,+,chrIV:10657441-10658913,eat2eve_N2eav,0.036061994,1.111171669,WBGene00010646,,
507,INT55643,III,8722004,8722622,+,chrIII:8722004-8722622,eat2eve_N2eav,0.036064827,-0.190305549,WBGene00022717,,
105,INT54994,III,9552913,9553225,+,chrIII:9552913-9553225,eat2eve_N2eav,0.03613929,-1.380585353,WBGene00006755,,
237,INT33871,III,10419447,10419669,+,chrIII:10419447-10419669,eat2eve_N2eav,0.036147265,-1.791576416,WBGene00010842,,
64,INT7837,IV,11902538,11902587,+,chrIV:11902538-11902587,eat2eve_N2eav,0.036217144,4.670734612,WBGene00003633,,
385,INT15268,II,5350913,5350964,+,chrII:5350913-5350964,eat2eve_N2eav,0.036305788,1.187621466,WBGene00017286,,
432,INT33502,I,5565210,5565276,+,chrI:5565210-5565276,eat2eve_N2eav,0.036399689,0.067886054,WBGene00019692,,
386,INT15382,X,4116698,4116767,+,chrX:4116698-4116767,eat2eve_N2eav,0.036436037,-0.516873905,WBGene00017306,,
176,INT15789,IV,12082301,12082358,+,chrIV:12082301-12082358,eat2eve_N2eav,0.036442823,-1.075857689,WBGene00008682,,
173,INT15035,IV,12437294,12438019,+,chrIV:12437294-12438019,eat2eve_N2eav,0.036489287,-0.462764757,WBGene00008584,,
12,INT27124,V,11377218,11377335,+,chrV:11377218-11377335,eat2eve_N2eav,0.036492733,-0.249796768,WBGene00000554,,
426,INT30042,V,688052,688213,+,chrV:688052-688213,eat2eve_N2eav,0.036601062,-0.582606527,WBGene00019244,,
333,INT3518,IV,10801251,10801626,+,chrIV:10801251-10801626,eat2eve_N2eav,0.036634658,-0.123606726,WBGene00014669,,
273,INT40816,III,10210054,10210576,+,chrIII:10210054-10210576,eat2eve_N2eav,0.036694715,2.003557983,WBGene00011871,,
225,INT30357,IV,11722653,11722989,+,chrIV:11722653-11722989,eat2eve_N2eav,0.036714126,1.151837956,WBGene00010444,,
528,INT28816,V,11935266,11935317,+,chrV:11935266-11935317,eat2eve_N2eav,0.036785432,0.091114561,WBGene00138720,,
457,INT40732,V,3415150,3415229,+,chrV:3415150-3415229,eat2eve_N2eav,0.036803834,-3.575595937,WBGene00020611,,
61,INT24381,II,8826460,8826583,+,chrII:8826460-8826583,eat2eve_N2eav,0.036806118,1.093581096,WBGene00003544,,
360,INT6845,V,9037965,9038014,+,chrV:9037965-9038014,eat2eve_N2eav,0.03695238,0.455774581,WBGene00016093,,
127,INT2060,I,7226953,7227032,+,chrI:7226953-7227032,eat2eve_N2eav,0.036982954,0.316913412,WBGene00007256,,
364,INT8334,II,974374,974571,+,chrII:974374-974571,eat2eve_N2eav,0.037008142,0.352708602,WBGene00016298,,
170,INT14731,I,12949371,12950538,+,chrI:12949371-12950538,eat2eve_N2eav,0.037040162,-4.555979351,WBGene00008566,,
86,INT18311,III,5120443,5122470,+,chrIII:5120443-5122470,eat2eve_N2eav,0.037153561,0.06388515,WBGene00004728,,
130,INT4701,X,9585058,9585475,+,chrX:9585058-9585475,eat2eve_N2eav,0.037186378,0.547310326,WBGene00007516,,
514,INT47464,V,3668958,3669701,+,chrV:3668958-3669701,eat2eve_N2eav,0.037247297,1.29267194,WBGene00044527,,
149,INT9950,III,9326742,9326796,+,chrIII:9326742-9326796,eat2eve_N2eav,0.037607687,0.459101343,WBGene00008042,,
242,INT35369,V,12084460,12084711,+,chrV:12084460-12084711,eat2eve_N2eav,0.037716695,-0.667605409,WBGene00011094,,
354,INT5693,II,5573002,5573381,+,chrII:5573002-5573381,eat2eve_N2eav,0.037771552,1.48021766,WBGene00015887,,
508,INT57046,I,4384562,4384611,+,chrI:4384562-4384611,eat2eve_N2eav,0.038080908,-1.532228208,WBGene00022830,,
40,INT32394,V,10026542,10027612,+,chrV:10026542-10027612,eat2eve_N2eav,0.038093997,0.294184107,WBGene00002263,,
480,INT48739,I,4298727,4299899,+,chrI:4298727-4299899,eat2eve_N2eav,0.038135434,0.736550687,WBGene00021629,,
68,INT55042,III,7760718,7760839,+,chrIII:7760718-7760839,eat2eve_N2eav,0.038230417,-0.620587531,WBGene00003956,,
177,INT15795,IV,12097996,12098052,+,chrIV:12097996-12098052,eat2eve_N2eav,0.038405404,1.954217757,WBGene00008685,,
535,INT20457,II,4211932,4212461,+,chrII:4211932-4212461,eat2eve_N2eav,0.03864238,-0.603607509,WBGene00206414,,
355,INT5706,II,5552037,5552087,+,chrII:5552037-5552087,eat2eve_N2eav,0.038669442,1.224977655,WBGene00015890,,
292,INT46303,V,10479651,10480234,+,chrV:10479651-10480234,eat2eve_N2eav,0.038681679,-1.489069315,WBGene00012532,,
169,INT14506,II,11610490,11611257,+,chrII:11610490-11611257,eat2eve_N2eav,0.038687675,-0.321506724,WBGene00008547,,
329,INT56681,IV,12551500,12553689,+,chrIV:12551500-12553689,eat2eve_N2eav,0.038695189,-5.599624035,WBGene00014081,,
298,INT47499,I,13435926,13436752,+,chrI:13435926-13436752,eat2eve_N2eav,0.038829516,0.28584661,WBGene00012738,,
195,INT21259,II,12901636,12901692,+,chrII:12901636-12901692,eat2eve_N2eav,0.038945132,0.314107061,WBGene00009396,,
33,INT47004,III,10626148,10626223,+,chrIII:10626148-10626223,eat2eve_N2eav,0.039026291,-0.808472809,WBGene00001997,,
452,INT39373,I,6543175,6543325,+,chrI:6543175-6543325,eat2eve_N2eav,0.039076825,0.314329119,WBGene00020412,,
159,INT13283,V,14084471,14084829,+,chrV:14084471-14084829,eat2eve_N2eav,0.039246335,0.748107608,WBGene00008394,,
414,INT27188,X,4734144,4734196,+,chrX:4734144-4734196,eat2eve_N2eav,0.039566568,-0.187531057,WBGene00018877,,
533,INT807,II,11496862,11496980,+,chrII:11496862-11496980,eat2eve_N2eav,0.039590804,-1.965615919,WBGene00195248,,
461,INT42239,IV,8433951,8434095,+,chrIV:8433951-8434095,eat2eve_N2eav,0.03973079,-0.117301357,WBGene00020824,,
465,INT43081,V,6502118,6502172,+,chrV:6502118-6502172,eat2eve_N2eav,0.039811638,1.806844142,WBGene00020909,,
302,INT49414,III,12467177,12468055,+,chrIII:12467177-12468055,eat2eve_N2eav,0.040020221,0.035583227,WBGene00013041,,
431,INT32929,III,5173578,5173646,+,chrIII:5173578-5173646,eat2eve_N2eav,0.040148842,-0.079830794,WBGene00019630,,
22,INT1866,IV,9105273,9105362,+,chrIV:9105273-9105362,eat2eve_N2eav,0.040233523,-1.150609167,WBGene00001413,,
358,INT6660,II,443289,443565,+,chrII:443289-443565,eat2eve_N2eav,0.040239077,1.554268345,WBGene00016071,,
322,INT45411,V,20197942,20197990,+,chrV:20197942-20197990,eat2eve_N2eav,0.040240479,-1.985305287,WBGene00013756,,
7,INT2219,IV,10492306,10492359,+,chrIV:10492306-10492359,eat2eve_N2eav,0.040261975,0.10302061,WBGene00000419,,
380,INT13039,X,8938705,8938754,+,chrX:8938705-8938754,eat2eve_N2eav,0.040268925,0.381642204,WBGene00017012,,
446,INT37761,X,771142,771674,+,chrX:771142-771674,eat2eve_N2eav,0.0403858,-0.675138784,WBGene00020218,,
440,INT35051,II,4890956,4891006,+,chrII:4890956-4891006,eat2eve_N2eav,0.040454206,-1.19774893,WBGene00019890,,
367,INT9603,V,4845505,4846013,+,chrV:4845505-4846013,eat2eve_N2eav,0.040457878,0.05014494,WBGene00016507,,
327,INT56323,III,8952237,8952613,+,chrIII:8952237-8952613,eat2eve_N2eav,0.040536577,0.106420045,WBGene00014035,,
191,INT19875,V,12451700,12451842,+,chrV:12451700-12451842,eat2eve_N2eav,0.040557463,-2.519491135,WBGene00009200,,
267,INT39916,II,8526244,8526304,+,chrII:8526244-8526304,eat2eve_N2eav,0.040684721,-0.322657386,WBGene00011759,,
345,INT3004,X,1127434,1127608,+,chrX:1127434-1127608,eat2eve_N2eav,0.04087183,-0.501163239,WBGene00015471,,
155,INT12017,V,10146680,10146729,+,chrV:10146680-10146729,eat2eve_N2eav,0.040943593,0.193498579,WBGene00008254,,
36,INT43775,V,12492797,12492848,+,chrV:12492797-12492848,eat2eve_N2eav,0.041021747,-1.470309996,WBGene00002133,,
404,INT22393,X,16446343,16447885,+,chrX:16446343-16447885,eat2eve_N2eav,0.041080323,0.79003479,WBGene00018187,,
275,INT41665,II,9177467,9177662,+,chrII:9177467-9177662,eat2eve_N2eav,0.041247969,0.62003528,WBGene00011967,,
190,INT19345,II,9897189,9897255,+,chrII:9897189-9897255,eat2eve_N2eav,0.041302707,-0.07356077,WBGene00009146,,
167,INT14275,IV,10248971,10249362,+,chrIV:10248971-10249362,eat2eve_N2eav,0.041370749,1.681599187,WBGene00008512,,
197,INT21262,II,12902536,12902918,+,chrII:12902536-12902918,eat2eve_N2eav,0.041639942,-2.398017175,WBGene00009396,,
416,INT27640,I,175242,175578,+,chrI:175242-175578,eat2eve_N2eav,0.041698614,2.986441871,WBGene00018958,,
138,INT7843,V,15355423,15355552,+,chrV:15355423-15355552,eat2eve_N2eav,0.041729648,-0.040817253,WBGene00007807,,
352,INT5297,X,3164945,3165296,+,chrX:3164945-3165296,eat2eve_N2eav,0.041904509,-0.62037232,WBGene00015789,,
98,INT19923,II,8603954,8604004,+,chrII:8603954-8604004,eat2eve_N2eav,0.042197448,0.303251058,WBGene00006307,,
310,INT51252,V,17877142,17879721,+,chrV:17877142-17879721,eat2eve_N2eav,0.042254899,0.859830995,WBGene00013339,,
16,INT32007,IV,8290424,8290475,+,chrIV:8290424-8290475,eat2eve_N2eav,0.042315713,1.941082877,WBGene00000923,,
468,INT49535,IV,5341182,5341689,+,chrIV:5341182-5341689,eat2eve_N2eav,0.042354265,-1.067813719,WBGene00021156,,
227,INT30403,II,8266507,8266592,+,chrII:8266507-8266592,eat2eve_N2eav,0.042417144,2.848240683,WBGene00010456,,
319,INT45002,I,14360101,14360928,+,chrI:14360101-14360928,eat2eve_N2eav,0.042580245,0.378067585,WBGene00013668,,
435,INT33602,I,5580727,5580789,+,chrI:5580727-5580789,eat2eve_N2eav,0.042588015,-0.355357917,WBGene00019711,,
400,INT19535,II,4763371,4763580,+,chrII:4763371-4763580,eat2eve_N2eav,0.042608859,0.394870683,WBGene00017838,,
101,INT43627,V,160643,163139,+,chrV:160643-163139,eat2eve_N2eav,0.042870847,1.125114492,WBGene00006648,,
113,INT17547,II,6548006,6549507,+,chrII:6548006-6549507,eat2eve_N2eav,0.042999462,-2.135155002,WBGene00007050,,
515,INT52662,III,2792577,2792786,+,chrIII:2792577-2792786,eat2eve_N2eav,0.043101874,-0.375217804,WBGene00044609,,
100,INT42216,III,6466268,6466329,+,chrIII:6466268-6466329,eat2eve_N2eav,0.043130373,3.204411143,WBGene00006463,,
341,INT1748,II,24852,24902,+,chrII:24852-24902,eat2eve_N2eav,0.043182952,0.980077723,WBGene00015291,,
456,INT40725,V,3417553,3417685,+,chrV:3417553-3417685,eat2eve_N2eav,0.043288675,-3.338704554,WBGene00020610,,
31,INT42270,II,9231767,9231827,+,chrII:9231767-9231827,eat2eve_N2eav,0.043395489,0.686574626,WBGene00001761,,
270,INT40586,II,9478721,9478968,+,chrII:9478721-9478968,eat2eve_N2eav,0.043577108,-1.142358871,WBGene00011848,,
340,INT1724,IV,6634179,6634245,+,chrIV:6634179-6634245,eat2eve_N2eav,0.043788527,0.711940971,WBGene00015283,,
32,INT39398,V,13498583,13498632,+,chrV:13498583-13498632,eat2eve_N2eav,0.043860089,-0.606177814,WBGene00001808,,
424,INT29889,II,4347237,4348333,+,chrII:4347237-4348333,eat2eve_N2eav,0.044008313,-1.260366806,WBGene00019217,,
373,INT11871,I,3885528,3887337,+,chrI:3885528-3887337,eat2eve_N2eav,0.044014754,-3.258386486,WBGene00016836,,
527,INT3980,II,9893714,9894216,+,chrII:9893714-9894216,eat2eve_N2eav,0.044141979,0.636079568,WBGene00086566,,
19,INT30669,I,6842809,6842962,+,chrI:6842809-6842962,eat2eve_N2eav,0.044409426,-0.144424908,WBGene00001056,,
135,INT7384,V,12144045,12144097,+,chrV:12144045-12144097,eat2eve_N2eav,0.044475923,-3.071463606,WBGene00007755,,
185,INT16402,IV,11009457,11009816,+,chrIV:11009457-11009816,eat2eve_N2eav,0.044583024,1.128937263,WBGene00008777,,
70,INT3717,IV,8188226,8188276,+,chrIV:8188226-8188276,eat2eve_N2eav,0.044690848,0.066282017,WBGene00003961,,
241,INT35269,I,7257427,7257727,+,chrI:7257427-7257727,eat2eve_N2eav,0.044821154,0.171307045,WBGene00011066,,
357,INT6567,V,5519119,5519842,+,chrV:5519119-5519842,eat2eve_N2eav,0.044834971,-1.459535973,WBGene00016060,,
283,INT43687,I,13667681,13669534,+,chrI:13667681-13669534,eat2eve_N2eav,0.044957645,-0.131205387,WBGene00012234,,
263,INT39016,II,7858537,7858587,+,chrII:7858537-7858587,eat2eve_N2eav,0.044966411,-0.706744554,WBGene00011637,,
532,INT20302,I,9482970,9483222,+,chrI:9482970-9483222,eat2eve_N2eav,0.045091437,-2.878063919,WBGene00195244,,
139,INT8187,V,16303276,16303536,+,chrV:16303276-16303536,eat2eve_N2eav,0.045102151,-0.199249344,WBGene00007833,,
123,INT1671,I,13393537,13393670,+,chrI:13393537-13393670,eat2eve_N2eav,0.045205611,0.092329148,WBGene00007216,,
48,INT23270,IV,8620975,8621024,+,chrIV:8620975-8621024,eat2eve_N2eav,0.045207428,0.283491443,WBGene00003034,,
240,INT35084,II,14858541,14860963,+,chrII:14858541-14860963,eat2eve_N2eav,0.045331315,-0.68497473,WBGene00011043,,
332,INT55027,III,9543575,9543637,+,chrIII:9543575-9543637,eat2eve_N2eav,0.045566621,-0.482136778,WBGene00014221,,
282,INT43677,I,13682513,13682898,+,chrI:13682513-13682898,eat2eve_N2eav,0.046058463,-0.068721262,WBGene00012231,,
441,INT35448,II,941185,941578,+,chrII:941185-941578,eat2eve_N2eav,0.046085672,0.391201658,WBGene00019918,,
290,INT46256,V,16545643,16549628,+,chrV:16545643-16549628,eat2eve_N2eav,0.04620275,0.871075179,WBGene00012522,,
530,INT46432,V,15426447,15426597,+,chrV:15426447-15426597,eat2eve_N2eav,0.046269345,-1.951545445,WBGene00194708,,
306,INT50942,III,11922162,11922725,+,chrIII:11922162-11922725,eat2eve_N2eav,0.046312664,-3.884052807,WBGene00013239,,
18,INT7479,X,14836948,14837737,+,chrX:14836948-14837737,eat2eve_N2eav,0.046426896,-0.164553727,WBGene00001055,,
321,INT45085,I,10431076,10431699,+,chrI:10431076-10431699,eat2eve_N2eav,0.046708396,0.820353351,WBGene00013716,,
484,INT49666,III,261390,263055,+,chrIII:261390-263055,eat2eve_N2eav,0.046826926,-0.510578525,WBGene00021753,,
93,INT12938,I,12996269,12996564,+,chrI:12996269-12996564,eat2eve_N2eav,0.047118946,0.194512107,WBGene00004895,,
14,INT13040,X,8911485,8911843,+,chrX:8911485-8911843,eat2eve_N2eav,0.047154504,0.219766109,WBGene00000884,,
55,INT9684,III,4789040,4789089,+,chrIII:4789040-4789089,eat2eve_N2eav,0.047199214,-1.736189379,WBGene00003210,,
146,INT9705,III,4799106,4799569,+,chrIII:4799106-4799569,eat2eve_N2eav,0.047279167,-0.308690519,WBGene00008006,,
133,INT5293,I,12214275,12214576,+,chrI:12214275-12214576,eat2eve_N2eav,0.047351038,0.551256396,WBGene00007603,,
255,INT37683,V,11753288,11753368,+,chrV:11753288-11753368,eat2eve_N2eav,0.047360306,-0.032843867,WBGene00011436,,
214,INT26202,V,13626932,13627029,+,chrV:13626932-13627029,eat2eve_N2eav,0.047417451,1.110151238,WBGene00009994,,
179,INT15901,X,12984455,12984902,+,chrX:12984455-12984902,eat2eve_N2eav,0.047531365,0.010668063,WBGene00008692,,
21,INT45046,I,14665573,14669431,+,chrI:14665573-14669431,eat2eve_N2eav,0.047599293,0.394566087,WBGene00001334,,
519,INT41065,I,6862458,6863075,+,chrI:6862458-6863075,eat2eve_N2eav,0.047608114,-0.750349014,WBGene00044898,,
248,INT36754,V,11917713,11920156,+,chrV:11917713-11920156,eat2eve_N2eav,0.047912554,-1.20059134,WBGene00011270,,
94,INT12943,I,13000724,13001227,+,chrI:13000724-13001227,eat2eve_N2eav,0.047939299,-0.236268534,WBGene00004895,,
42,INT50449,I,14821069,14821122,+,chrI:14821069-14821122,eat2eve_N2eav,0.04796128,0.33069758,WBGene00002324,,
521,INT17287,I,13191273,13191536,+,chrI:13191273-13191536,eat2eve_N2eav,0.047988508,-1.857949439,WBGene00045458,,
295,INT46987,III,10681125,10682067,+,chrIII:10681125-10682067,eat2eve_N2eav,0.048273895,0.250737032,WBGene00012654,,
430,INT32924,III,5178147,5178658,+,chrIII:5178147-5178658,eat2eve_N2eav,0.048422095,-0.141646722,WBGene00019629,,
348,INT3780,III,7501770,7501955,+,chrIII:7501770-7501955,eat2eve_N2eav,0.048451744,-0.358334337,WBGene00015581,,
10,INT27731,II,5468984,5469388,+,chrII:5468984-5469388,eat2eve_N2eav,0.048559304,1.835060757,WBGene00000548,,
522,INT11636,I,12563050,12563895,+,chrI:12563050-12563895,eat2eve_N2eav,0.048565195,-0.055575672,WBGene00045474,,
43,INT32297,IV,12569541,12569598,+,chrIV:12569541-12569598,eat2eve_N2eav,0.048833722,0.354841835,WBGene00002368,,
265,INT39155,V,13180414,13180967,+,chrV:13180414-13180967,eat2eve_N2eav,0.049045011,0.877159958,WBGene00011648,,
218,INT26774,II,13506006,13506733,+,chrII:13506006-13506733,eat2eve_N2eav,0.049267839,0.541851686,WBGene00010069,,
391,INT17762,IV,4605915,4605966,+,chrIV:4605915-4605966,eat2eve_N2eav,0.049284812,3.056317683,WBGene00017591,,
99,INT43707,I,13873199,13875702,+,chrI:13873199-13875702,eat2eve_N2eav,0.049320288,-0.121879652,WBGene00006382,,
74,INT5120,III,8102241,8102483,+,chrIII:8102241-8102483,eat2eve_N2eav,0.049452819,-0.84373968,WBGene00004042,,
141,INT8475,IV,12921822,12922381,+,chrIV:12921822-12922381,eat2eve_N2eav,0.049534147,-0.325272228,WBGene00007867,,
230,INT31236,I,8036420,8036595,+,chrI:8036420-8036595,eat2eve_N2eav,0.049634304,-1.881946344,WBGene00010563,,
238,INT34312,IV,12121603,12121645,+,chrIV:12121603-12121645,eat2eve_N2eav,0.049730026,-1.240287693,WBGene00010891,,
104,INT10039,II,8130388,8130551,+,chrII:8130388-8130551,eat2eve_N2eav,0.049848924,-1.352445404,WBGene00006739,,
420,INT28648,II,6384196,6384415,+,chrII:6384196-6384415,eat2eve_N2eav,0.049938391,-0.222853983,WBGene00019061,,